time,close,MACD_short,MACD_long,MACD,MACD_signal,MACD_sign,DPR,buying_,buying_profit
2021-01-01,32235000.0,32235000.0,32235000.0,0.0,0.0,매도,,False,1.0
2021-01-02,34364000.0,33417777.777777776,33340442.307692308,77335.47008546814,42964.150047482304,매수,1.0660462230494803,False,1.0
2021-01-03,38096000.0,35335081.96721311,35049068.0137999,286013.9534132108,142574.72519737104,매수,1.1086020253753928,True,1.1086020253753928
2021-01-04,36632000.0,35774417.34417344,35491586.623679124,282830.720494315,190086.9187261461,매수,0.9615707685846283,True,0.9615707685846283
2021-01-05,36512000.0,35993831.50880533,35728224.69444385,265606.8143614754,212552.38030257676,매수,0.9967241755841887,True,0.9967241755841887
2021-01-06,38188000.0,36588573.163327254,36220898.0696827,367675.09364455193,254599.2602742718,매수,1.0459027169149868,True,1.0459027169149868
2021-01-07,42700000.0,38135212.257656984,37373172.76121557,762039.4964414164,383018.8467745169,매수,1.118152299151566,True,1.118152299151566
2021-01-08,47449000.0,40373490.597959325,38996638.191513374,1376852.4064459503,621855.7402077942,매수,1.1112177985948477,True,1.1112177985948477
2021-01-09,46718000.0,41839103.74510417,40141113.51810068,1697990.2270034924,870448.1453883193,매수,0.9845939851208666,True,0.9845939851208666
2021-01-10,44404000.0,42413789.39822411,40729350.36325914,1684439.0349649712,1052829.3567597822,매수,0.9504687700672118,True,0.9504687700672118
2021-01-11,37726000.0,41388127.86362163,40339814.86968167,1048312.9939399585,1051841.2023810132,매도,0.8496081434105036,True,0.8496081434105036
2021-01-12,37332000.0,40517041.70595014,39970257.42057233,546784.2853778079,943376.1578779764,매도,0.989556274187563,False,1.0
2021-01-13,38171000.0,40020537.77234854,39759474.73829075,261063.03405778855,798974.9952449708,매도,1.022474016929176,False,1.0
2021-01-14,43381000.0,40723548.977667004,40166215.12410728,557333.853559725,748423.4881121564,매도,1.1364910534175159,False,1.0
2021-01-15,40682000.0,40714936.14502519,40222010.41330675,492925.73171844333,695460.4661621767,매도,0.9377838224107328,False,1.0
2021-01-16,40690000.0,40709804.47227332,40270965.96851755,438838.5037557706,642649.5793678452,매도,1.0001966471658228,False,1.0
2021-01-17,38723000.0,40303289.678448714,40113833.90452873,189455.7739199847,549922.7967602796,매도,0.9516588842467437,False,1.0
2021-01-18,39889000.0,40218911.72467427,40091620.71115495,127291.01351931691,463845.81506126764,매도,1.0301113033597604,False,1.0
2021-01-19,40329000.0,40241251.327343434,40114507.509452246,126743.81789118797,395439.5778531711,매도,1.0110306099425908,False,1.0
2021-01-20,38708000.0,39931024.388787046,39981863.16078182,-50838.771994777024,305142.8575775694,매도,0.9598055989486474,False,1.0
2021-01-21,35298000.0,38995793.52886826,39548899.64268846,-553106.1138202026,131895.13509905795,매도,0.911904515862354,False,1.0
2021-01-22,36064000.0,38405076.097786196,39232573.79083802,-827497.6930518225,-61409.768968529206,매도,1.0217009462292481,False,1.0
2021-01-23,35293000.0,37778964.970476255,38880849.48487291,-1101884.5143966526,-270740.3879276676,매도,0.978621339840284,False,1.0
2021-01-24,35240000.0,37268762.6138727,38560663.87137424,-1291901.2575015426,-475941.59715514275,매도,0.9984982857790496,False,1.0
2021-01-25,37876000.0,37390670.646624446,38501276.394030415,-1110605.7474059686,-603355.7843951192,매도,1.0748013620885357,False,1.0
2021-01-26,35113000.0,36933755.57623464,38211054.43694123,-1277298.86070659,-738553.0081938897,매도,0.9270514309853205,False,1.0
2021-01-27,33487000.0,36242733.67254513,37811049.08079384,-1568315.408248715,-904907.7091913549,매도,0.9536923646512687,False,1.0
2021-01-28,35297000.0,36053220.36598897,37600406.90457876,-1547186.5385897905,-1033612.4261998383,매도,1.0540508256935528,False,1.0
2021-01-29,39554000.0,36754461.4107493,37762516.30390029,-1008054.8931509852,-1028492.9976581051,매수,1.1206051505793693,False,1.0
2021-01-30,37269000.0,36857496.68008481,37721925.760742664,-864429.0806578547,-995639.5436519119,매수,0.9422308742478637,True,0.9422308742478637
2021-01-31,36652000.0,36816356.600906864,37634640.34128364,-818283.740376778,-960133.2192363716,매수,0.9834446859320078,True,0.9834446859320078
2021-02-01,36516000.0,36756237.64958503,37544060.704659924,-787823.0550748929,-925643.8611193767,매수,0.9962894248608535,True,0.9962894248608535
2021-02-02,37274000.0,36859855.79547044,37522342.91480141,-662487.1193309724,-872979.1325242888,매수,1.020758023879943,True,1.020758023879943
2021-02-03,38669000.0,37221868.19847233,37613973.673485644,-392105.4750133157,-776755.6098996097,매수,1.0374255513226378,True,1.0374255513226378
2021-02-04,39414000.0,37660472.477810815,37756981.20599499,-96508.72818417847,-640651.0229769055,매수,1.0192660787711085,True,1.0192660787711085
2021-02-05,40352000.0,38198952.72908097,37962046.977474354,236905.7516066134,-465082.69287965033,매수,1.023798650225808,True,1.023798650225808
2021-02-06,42927000.0,39144807.7412652,38352459.63405723,792348.1072079688,-213531.2263676601,매수,1.0638134417129264,True,1.0638134417129264
2021-02-07,41268000.0,39569534.40528909,38580678.78287237,988855.6224167198,26996.098960243526,매수,0.9613529946187714,True,0.9613529946187714
2021-02-08,45837000.0,40823235.83111047,39146303.1743429,1676932.6567675695,357038.24817977514,매수,1.1107153242221577,True,1.1107153242221577
2021-02-09,49534000.0,42565620.2675056,39952890.14973061,2612730.117774993,808236.596646462,매수,1.080655365752558,True,1.080655365752558
2021-02-10,48402000.0,43733020.353274584,40606612.59635953,3126407.756915055,1271920.1359915154,매수,0.9771470101344532,True,0.9771470101344532
2021-02-11,50656000.0,45117734.08103587,41381595.677811615,3736138.403224252,1764805.7195063077,매수,1.0465683236229908,True,1.0465683236229908
2021-02-12,50506000.0,46195460.6110956,42083111.454462275,4112349.156633325,2234346.362211964,매수,0.9970388502842704,True,0.9970388502842704
2021-02-13,50890000.0,47134419.610667005,42758318.60193316,4376101.008733846,2662720.6144290557,매수,1.0076030570625272,True,1.0076030570625272
2021-02-14,51885000.0,48084577.073727906,43456233.262422174,4628343.811305732,3055862.377543231,매수,1.0195519748477107,True,1.0195519748477107
2021-02-15,51732000.0,48814087.07869598,44087566.28465138,4726520.794044606,3390005.7040391057,매수,0.9970511708586297,True,0.9970511708586297
2021-02-16,54293000.0,49909900.20976856,44864388.70612917,5045511.503639393,3721116.0939697106,매수,1.0495051418851,True,1.0495051418851
2021-02-17,56582000.0,51244349.92703798,45754496.06507918,5489853.861958794,4074871.536577516,매수,1.0421601311402944,True,1.0421601311402944
2021-02-18,58029000.0,52601304.1505027,46685148.64771033,5916155.502792366,4443134.899858431,매수,1.0255735039411826,True,1.0255735039411826
2021-02-19,59325000.0,53946062.513434865,47641831.588704884,6304230.9247299805,4815359.4173985785,매수,1.0223336607558289,True,1.0223336607558289
2021-02-20,64588000.0,56074474.31291454,48922383.829356134,7152090.483558409,5282710.96684191,매수,1.0887147071217869,True,1.0887147071217869
2021-02-21,65085000.0,57876595.91160456,50141906.95035646,7734688.9612481,5773111.045226382,매수,1.0076949278503746,True,1.0076949278503746
2021-02-22,59803000.0,58261879.54474695,50869864.50255669,7392015.042190261,6096894.21066729,매수,0.918844587846662,True,0.918844587846662
2021-02-23,52556000.0,57120696.964436725,50996751.97571667,6123944.988720052,6102304.397905833,매수,0.8788187883550992,True,0.8788187883550992
2021-02-24,55331000.0,56762755.897528715,51322534.776762776,5440221.120765939,5969887.1231880495,매도,1.0528008219803637,True,1.0528008219803637
2021-02-25,57468000.0,56903805.24575123,51783954.04793865,5119851.19781258,5799879.30203818,매도,1.0386221105709277,False,1.0
2021-02-26,53672000.0,56257442.261936165,51925571.12374455,4331871.138191618,5506276.790470939,매도,0.9339458481241735,False,1.0
2021-02-27,54016000.0,55809152.73610877,52082222.20169905,3726930.534409724,5150406.687119092,매도,1.0064093009390371,False,1.0
2021-02-28,51403000.0,54927920.50078144,52031367.02868031,2896553.4721011296,4699635.180608845,매도,0.9516254443127962,False,1.0
2021-03-01,54363000.0,54814936.227477245,52205803.289191715,2609132.9382855296,4281534.091406127,매도,1.0575841876933252,False,1.0
2021-03-02,55600000.0,54971949.17447912,52459545.56567118,2512403.6088079363,3927707.561096426,매도,1.0227544469584091,False,1.0
2021-03-03,57669000.0,55511359.868635766,52848726.2540037,2662633.6146320626,3674692.5236471267,매도,1.0372122302158273,False,1.0
2021-03-04,56759000.0,55760888.09069786,53140664.89333636,2620223.197361499,3463798.49291459,매도,0.9842202916644991,False,1.0
2021-03-05,55836000.0,55775910.48198799,53341779.24434432,2434131.237643674,3257864.9125938034,매도,0.9837382617734632,False,1.0
2021-03-06,55236000.0,55667928.3313652,53483041.363707155,2184886.967658043,3043269.21584353,매도,0.9892542445733935,False,1.0
2021-03-07,57691000.0,56072542.82763977,53796694.00918318,2275848.81845659,2889785.0747062657,매도,1.0444456513867768,False,1.0
2021-03-08,58137000.0,56485434.394810066,54120061.551144674,2365372.843665391,2784902.5947901616,매도,1.0077308418990831,False,1.0
2021-03-09,62203000.0,57628947.809856884,54722009.496076256,2906938.313780628,2809309.7448635795,매수,1.06993824930767,False,1.0
2021-03-10,64047000.0,58912558.51190892,55416178.99860942,3496379.513299495,2946723.7268151795,매수,1.0296448724338054,True,1.0296448724338054
2021-03-11,65061000.0,60142247.01187295,56133893.31879582,4008353.6930771247,3159049.755005914,매수,1.015832123284463,True,1.015832123284463
2021-03-12,65265000.0,61166797.74437059,56813148.634832524,4353649.109538063,3397969.6573638464,매수,1.0031355189745008,True,1.0031355189745008
2021-03-13,68689000.0,62671238.35393256,57696304.924082555,4974933.429850005,3713362.4450758146,매수,1.0524630353175515,True,1.0524630353175515
2021-03-14,69209000.0,63978790.79330712,58552205.20925473,5426585.584052391,4056007.101738885,매수,1.0075703533316833,True,1.0075703533316833
2021-03-15,65171000.0,64217232.65071664,59044140.359877534,5173092.290839106,4279424.154617208,매수,0.9416549870681559,True,0.9416549870681559
2021-03-16,64220000.0,64217786.12060315,59428734.720620595,4789051.399982557,4381349.609186087,매수,0.9854076199536603,True,0.9854076199536603
2021-03-17,63521000.0,64078428.89047122,59732741.83354329,4345687.056927927,4374217.098426788,매도,0.9891155403301153,True,0.9891155403301153
2021-03-18,67305000.0,64723743.13464595,60295150.992837995,4428592.141807951,4385092.107478304,매수,1.059570850584846,False,1.0
2021-03-19,68318000.0,65442594.527562074,60890908.4731781,4551686.054383971,4418410.897779268,매수,1.0150508877497957,True,1.0150508877497957
2021-03-20,68745000.0,66103075.636636764,61474027.413610406,4629048.223026358,4460538.363759096,매수,1.0062501829678854,True,1.0062501829678854
2021-03-21,67093000.0,66301060.5128075,61891131.384617604,4409929.128189899,4450416.516466419,매도,0.9759691613935559,True,0.9759691613935559
2021-03-22,67092000.0,66459248.41248195,62277138.21663547,4182110.1958464757,4396755.25158394,매도,0.9999850953154577,False,1.0
2021-03-23,65240000.0,66215398.72722815,62497008.87020022,3718389.857027933,4261082.171138572,매도,0.9723961128003339,False,1.0
2021-03-24,67584000.0,66489118.98425867,62874457.9005991,3614661.083659567,4131797.9524732325,매도,1.035928877988964,False,1.0
2021-03-25,63115000.0,65814295.18252323,62892303.62710209,2921991.5554211363,3889836.6713117375,매도,0.9338748816287878,False,1.0
2021-03-26,64170000.0,65485436.14411462,62987084.48175001,2498351.6623646095,3611539.667911082,매도,1.0167155192901847,False,1.0
2021-03-27,65632000.0,65514748.91542746,63183266.09791883,2331482.8175086305,3355528.296644828,매도,1.022783232039894,False,1.0
2021-03-28,66784000.0,65768599.13328257,63450317.290240325,2318281.843042247,3148079.00515564,매도,1.0175524134568503,False,1.0
2021-03-29,68860000.0,66386879.30845882,63851493.773579344,2535385.534879476,3025540.310737169,매도,1.031085289889794,False,1.0
2021-03-30,70099000.0,67129303.44852766,64314763.05528105,2814540.3932466134,2983340.3271389836,매도,1.0179930293348824,False,1.0
2021-03-31,70508000.0,67805042.7601041,64773972.03172619,3031070.728377916,2992886.4074048805,매수,1.0058346053438707,False,1.0
2021-04-01,72067000.0,68657434.20937696,65314687.69404604,3342746.515330918,3062858.4290962853,매수,1.0221109661315029,True,1.0221109661315029
2021-04-02,73338000.0,69593547.36863817,65909507.619416535,3684039.749221638,3187094.6932722,매수,1.0176363661592684,True,1.0176363661592684
2021-04-03,75280000.0,70730837.89601523,66604159.366231024,4126678.5297842026,3375011.4607571303,매수,1.0264801330824402,True,1.0264801330824402
2021-04-04,73224000.0,71229470.31719965,67094871.92427348,4134598.392926164,3526928.847308987,매수,0.9726886291179596,True,0.9726886291179596
2021-04-05,76642000.0,72311976.25443266,67802539.28217165,4509436.972261012,3723430.4724215474,매수,1.0466786845842893,True,1.0466786845842893
2021-04-06,77605000.0,73370581.00407259,68529096.83840805,4841484.165664539,3947041.2111813524,매수,1.0125649121891391,True,1.0125649121891391
2021-04-07,72387000.0,73173864.80317982,68815031.18570726,4358833.617472559,4029399.6924723606,매수,0.9327620642999807,True,0.9327620642999807
2021-04-08,74330000.0,73405091.84261745,69223764.12046298,4181327.7221544683,4059785.2984184534,매수,1.026841836241314,True,1.026841836241314
2021-04-09,75471000.0,73818273.47419916,69686749.64223109,4131523.831968069,4074133.00513203,매수,1.0153504641463742,True,1.0153504641463742
2021-04-10,78514000.0,74757418.77955063,70340917.4203647,4416501.359185934,4142606.6759567587,매수,1.0403201229611374,True,1.0403201229611374
2021-04-11,77688000.0,75343535.02373601,70885374.93325171,4458160.090484306,4205717.358872552,매수,0.9894795832590366,True,0.9894795832590366
2021-04-12,78106000.0,75896028.01906085,71420444.58829542,4475583.430765435,4259690.573258165,매수,1.0053804963443518,True,1.0053804963443518
2021-04-13,80374000.0,76791622.41534208,72083910.34130064,4707712.074041441,4349294.873424166,매수,1.0290374619107368,True,1.0290374619107368
2021-04-14,80420000.0,77517297.93233421,72701604.86107084,4815693.071263373,4442574.51299979,매수,1.0005723243835072,True,1.0005723243835072
2021-04-15,78865000.0,77786838.34588537,73158293.94398028,4628544.40190509,4479768.490783333,매수,0.9806640139268838,True,0.9806640139268838
2021-04-16,79623000.0,78154070.6767279,73637298.2804886,4516772.3962393105,4487169.271874923,매수,1.0096113611868383,True,1.0096113611868383
2021-04-17,77857000.0,78094656.5413798,73949951.7100814,4144704.831298396,4418676.383756692,매도,0.977820479007322,True,0.977820479007322
2021-04-18,73216000.0,77118925.2330705,73895571.56079146,3223353.67227903,4179611.8414529893,매도,0.9403907163132409,False,1.0
2021-04-19,72872000.0,76269540.18643318,73819734.1989594,2449805.987473786,3833650.67064769,매도,0.9953015734265734,False,1.0
2021-04-20,69680000.0,74951632.14911772,73513022.63843311,1438609.5106846094,3354642.438644597,매도,0.9561971676364036,False,1.0
2021-04-21,70300000.0,74021305.7192779,73274974.5497733,746331.1695045978,2832980.1848074687,매도,1.0088978185993112,False,1.0
2021-04-22,66012000.0,72419444.5753999,72736879.29487494,-317434.7194750309,2202897.2039421485,매도,0.9390042674253201,False,1.0
2021-04-23,57466000.0,69428755.66028643,71605513.93906349,-2176758.278777063,1326966.107388497,매도,0.8705386899351633,False,1.0
2021-04-24,59252000.0,67393404.52821091,70690297.18270805,-3296892.6544971466,402194.3550030836,매도,1.0310792468590122,False,1.0
2021-04-25,61049000.0,66124523.62255964,69976024.66060527,-3851501.03804563,-448544.7236127564,매도,1.0303280901910483,False,1.0
2021-04-26,62852000.0,65470018.89804396,69448249.09865591,-3978230.200611949,-1154481.8190166424,매도,1.0295336532948942,False,1.0
2021-04-27,64293000.0,65234615.11843408,69066331.87161033,-3831716.7531762496,-1689928.80585102,매도,1.0229268758352956,False,1.0
2021-04-28,63239000.0,64835492.09474581,68634628.54750629,-3799136.4527604803,-2111770.3352344604,매도,0.9836063023968394,False,1.0
2021-04-29,63299000.0,64528193.67579575,68239355.16708693,-3711161.4912911803,-2431648.5664467434,매도,1.0009487816062872,False,1.0
2021-04-30,66423000.0,64907154.940637484,68104797.2161224,-3197642.2754849195,-2584847.3082547383,매도,1.0493530703486627,False,1.0
2021-05-01,68695000.0,65664723.95251141,68148519.88935545,-2483795.9368440434,-2564637.0339725614,매수,1.0342050193457086,False,1.0
2021-05-02,68403000.0,66212379.16200994,68167371.84429194,-1954992.6822820008,-2442708.163634266,매수,0.9957493267341145,True,0.9957493267341145
2021-05-03,69713000.0,66912503.3296088,68281871.68387485,-1369368.3542660475,-2228040.201760364,매수,1.0191512068184143,True,1.0191512068184143
2021-05-04,68474000.0,67224802.66368733,68296104.43133089,-1071301.767643556,-1996692.51493678,매수,0.9822271312380761,True,0.9822271312380761
2021-05-05,68719000.0,67523642.13095011,68327432.10850929,-803789.9775591791,-1758112.0074610766,매수,1.0035780004089143,True,1.0035780004089143
2021-05-06,68823000.0,67783513.70476024,68364143.09754373,-580629.3927834928,-1522615.4845254146,매수,1.0015134096829115,True,1.0015134096829115
2021-05-07,67839000.0,67794610.9638082,68325241.39496909,-530630.431160897,-1324218.4738524135,매수,0.985702454121442,True,0.985702454121442
2021-05-08,70227000.0,68281088.77104674,68466119.82616526,-185031.0551185161,-1096380.9901055442,매수,1.0352009905806394,True,1.0352009905806394
2021-05-09,70670000.0,68758871.01683754,68629378.17487375,129492.8419637829,-851206.2236916015,매수,1.0063081151124211,True,1.0063081151124211
2021-05-10,70858000.0,69178696.81347014,68794468.73123112,384228.0822390169,-604119.3625054157,매수,1.0026602518749115,True,1.0026602518749115
2021-05-11,68476000.0,69038157.45077609,68770877.46802072,267279.982755363,-429839.49345322483,매수,0.9663834711676875,True,0.9663834711676875
2021-05-12,68757000.0,68981925.96062087,68769849.4676106,212076.49301026762,-301456.2961605057,매수,1.0041036275483382,True,1.0041036275483382
2021-05-13,63068000.0,67799140.76849654,68347475.10038827,-548334.3318917304,-350831.90330675704,매도,0.9172593335951249,True,0.9172593335951249
2021-05-14,62030000.0,66645312.614797115,67879498.44220088,-1234185.827403769,-527502.6881261775,매도,0.9835415741739075,False,1.0
2021-05-15,60660000.0,65448250.09183759,67344704.33687,-1896454.2450324073,-801292.9995074461,매도,0.9779139126229244,False,1.0
2021-05-16,59335000.0,64225600.07346998,66751376.01316029,-2525775.939690307,-1146189.587544041,매도,0.9781569403231124,False,1.0
2021-05-17,53803000.0,62141080.058775865,65792211.765647545,-3651131.706871681,-1647178.0114095951,매도,0.9067666638577568,False,1.0
2021-05-18,53675000.0,60447864.04702061,64894618.61582137,-4446754.568800762,-2207093.322887852,매도,0.9976209505046187,False,1.0
2021-05-19,48498000.0,58057891.237616405,63680026.8247948,-5622135.587178394,-2890101.7757459832,매도,0.903549138332557,False,1.0
2021-05-20,51561000.0,56758512.99009309,62782302.34880547,-6023789.358712383,-3516839.2923392802,매도,1.0631572435976742,False,1.0
2021-05-21,48603000.0,55127410.392074436,61731963.305571675,-6604552.913497239,-4134382.0165708857,매도,0.9426310583580614,False,1.0
2021-05-22,46887000.0,53479328.31365952,60632316.66619262,-7152988.352533102,-4738103.283763339,매도,0.9646935374359608,False,1.0
2021-05-23,42198000.0,51223062.65092758,59266789.04480144,-8043726.3938738555,-5399227.905785451,매도,0.8999936016379807,False,1.0
2021-05-24,45312000.0,50040850.12074205,58233085.06820419,-8192234.947462134,-5957829.314120793,매도,1.0737949665860942,False,1.0
2021-05-25,46080000.0,49248680.09659363,57332843.72385466,-8084163.627261028,-6383096.176748844,매도,1.0169491525423728,False,1.0
2021-05-26,47741000.0,48947144.0772749,56622327.412076965,-7675183.334802061,-6641513.608359489,매도,1.0360460069444444,False,1.0
2021-05-27,47760000.0,48709715.26181992,55965850.69944791,-7256135.437627986,-6764437.974213189,매도,1.0003979807712449,False,1.0
2021-05-28,44555000.0,47878772.20945593,55120592.94355016,-7241820.734094232,-6859914.526189398,매도,0.9328936348408711,False,1.0
2021-05-29,41918000.0,46686617.767564744,54142612.858461596,-7455995.090896852,-6979130.63913089,매도,0.9408147233756032,False,1.0
2021-05-30,42305000.0,45810294.21405179,53265744.147656746,-7455449.933604956,-7074394.498025704,매도,1.0092323107018464,False,1.0
2021-05-31,43214000.0,45291035.371241435,52521163.824812554,-7230128.453571118,-7105541.289134787,매도,1.0214868218886657,False,1.0
2021-06-01,43466000.0,44926028.29699315,51850405.375049986,-6924377.078056835,-7069308.446919197,매수,1.0058314435136761,False,1.0
2021-06-02,43995000.0,44739822.63759452,51268519.01824665,-6528696.38065213,-6961186.033665783,매수,1.0121704320618414,True,1.0121704320618414
2021-06-03,44911000.0,44774058.110075615,50797588.328514405,-6023530.218438789,-6773654.870620383,매수,1.0208205477895216,True,1.0208205477895216
2021-06-04,43276000.0,44474446.48806049,50240429.9621815,-5765983.474121012,-6572120.591320508,매수,0.9635946650041193,True,0.9635946650041193
2021-06-05,41987000.0,43976957.19044839,49629061.045598336,-5652103.855149947,-6388117.244086396,매수,0.9702144375635456,True,0.9702144375635456
2021-06-06,42075000.0,43596565.752358705,49069497.80354119,-5472932.051182486,-6205080.205505614,매수,1.0020958868221117,True,1.0020958868221117
2021-06-07,41758000.0,43228852.601886965,48527902.53754956,-5299049.935662597,-6023874.151537011,매수,0.992465834818776,True,0.992465834818776
2021-06-08,36900000.0,41963082.081509575,47666572.24734826,-5703490.165838681,-5959797.354397346,매수,0.8836630106805882,True,0.8836630106805882
2021-06-09,40061000.0,41582665.66520766,47103193.99602912,-5520528.330821462,-5871943.54968217,매수,1.0856639566395665,True,1.0856639566395665
2021-06-10,42878000.0,41841732.53216613,46790215.3619517,-4948482.8297855705,-5687251.405702851,매수,1.0703177654077531,True,1.0703177654077531
2021-06-11,43223000.0,42117986.025732905,46525976.169927,-4407990.144194096,-5431399.1534011,매수,1.0080460842390038,True,1.0080460842390038
2021-06-12,41431000.0,41980588.820586324,46148569.18266215,-4167980.362075828,-5178715.395136046,매수,0.9585405918145432,True,0.9585405918145432
2021-06-13,41722000.0,41928871.05646906,45820674.087102324,-3891803.0306332633,-4921332.92223549,매수,1.007023726195361,True,1.007023726195361
2021-06-14,46828000.0,42908696.84517525,45895291.04938215,-2986594.204206899,-4534385.178629772,매수,1.1223814773980154,True,1.1223814773980154
2021-06-15,46261000.0,43579157.4761402,45922380.6779205,-2343223.201780297,-4096152.783259877,매수,0.9878918595711967,True,0.9878918595711967
2021-06-16,45113000.0,43885925.980912164,45862426.39657463,-1976500.4156624675,-3672222.3097403958,매수,0.9751842804954497,True,0.9751842804954497
2021-06-17,45545000.0,44217740.784729734,45838913.27312959,-1621172.4883998558,-3262012.345472288,매수,1.0095759537162237,True,1.0095759537162237
2021-06-18,43443000.0,44062792.62778379,45661437.81727328,-1598645.1894894913,-2929338.9142757286,매수,0.9538478427928423,True,0.9538478427928423
2021-06-19,42593000.0,43768834.10222703,45434145.65444796,-1665311.5522209257,-2676533.441864768,매수,0.9804341320811177,True,0.9804341320811177
2021-06-20,40680000.0,43151067.28178163,45081986.03900702,-1930918.7572253942,-2527410.5049368935,매수,0.9550865165637547,True,0.9550865165637547
2021-06-21,39099000.0,42340653.825425304,44638801.09783856,-2298147.272413254,-2481557.858432166,매수,0.9611356932153392,True,0.9611356932153392
2021-06-22,35609000.0,40994323.06034025,43969925.838274404,-2975602.7779341564,-2580366.8423325643,매도,0.9107394050998747,True,0.9107394050998747
2021-06-23,39464000.0,40688258.4482722,43636153.043784775,-2947894.5955125764,-2653872.392968567,매도,1.1082591479682102,False,1.0
2021-06-24,39619000.0,40474406.75861776,43338585.7305111,-2864178.9718933403,-2695933.708753522,매도,1.0039276302452869,False,1.0
2021-06-25,38310000.0,40041525.40689421,42966097.41049567,-2924572.0036014616,-2741661.36772311,매도,0.9669602968272798,False,1.0
2021-06-26,36505000.0,39334220.32551537,42487497.02158874,-3153276.6960733756,-2823984.4333931636,매도,0.9528843643957191,False,1.0
2021-06-27,38650000.0,39197376.2604123,42203237.66358829,-3005861.4031759948,-2860359.8273497303,매도,1.0587590740994384,False,1.0
2021-06-28,39833000.0,39324501.00832984,42027664.3206781,-2703163.3123482615,-2828920.5243494366,매수,1.030608020698577,False,1.0
2021-06-29,41842000.0,39828000.80666387,42013911.39478823,-2185910.588124357,-2700318.537104421,매수,1.0504355684984812,True,1.0504355684984812
2021-06-30,40232000.0,39908800.6453311,41881917.84041651,-1973117.1950854138,-2554878.2687006197,매수,0.9615219157784045,True,0.9615219157784045
2021-07-01,39060000.0,39739040.51626488,41672886.716656,-1933846.2003911212,-2430671.85503872,매수,0.9708689600318154,True,0.9708689600318154
2021-07-02,39460000.0,39683232.4130119,41508969.05675212,-1825736.6437402219,-2309684.8127790205,매수,1.0102406554019456,True,1.0102406554019456
2021-07-03,40347000.0,39815985.93040952,41422897.213832214,-1606911.2834226936,-2169130.106907755,매수,1.0224784591991891,True,1.0224784591991891
2021-07-04,41124000.0,40077588.74432762,41400756.664960064,-1323167.9206324443,-1999937.669652693,매수,1.0192579373931148,True,1.0192579373931148
2021-07-05,39416000.0,39945270.9954621,41253737.563501686,-1308466.5680395886,-1861643.449330072,매수,0.9584670751872386,True,0.9584670751872386
2021-07-06,39809000.0,39918016.79636968,41146719.90605838,-1228703.1096886992,-1735055.3814017973,매수,1.009970570326771,True,1.009970570326771
2021-07-07,40319000.0,39998213.43709575,41085407.28851759,-1087193.8514218405,-1605483.075405806,매수,1.0128111733527594,True,1.0128111733527594
2021-07-08,38975000.0,39793570.7496766,40929080.74737581,-1135509.9976992086,-1511488.4598644867,매수,0.9666658399265855,True,0.9666658399265855
2021-07-09,39486000.0,39732056.59974128,40822185.82950805,-1090129.2297667712,-1427216.6138449437,매수,1.0131109685695958,True,1.0131109685695958
2021-07-10,39918000.0,39769245.279793024,40755209.073727764,-985963.7939347401,-1338966.049862903,매수,1.0109405865370005,True,1.0109405865370005
2021-07-11,39922000.0,39799796.22383442,40693489.85947325,-893693.635638833,-1249911.5670180891,매수,1.0001002054211132,True,1.0001002054211132
2021-07-12,39433000.0,39726436.979067534,40600120.20718402,-873683.2281164825,-1174665.8992377678,매수,0.9877511146736135,True,0.9877511146736135
2021-07-13,38430000.0,39467149.58325403,40439370.509491526,-972220.9262374938,-1134176.904637713,매수,0.9745644510942612,True,0.9745644510942612
2021-07-14,38725000.0,39318719.66660323,40312380.06282089,-993660.3962176591,-1106073.6029537022,매수,1.0076762945615405,True,1.0076762945615405
2021-07-15,37559000.0,38966775.73328259,40108425.926750936,-1141650.1934683472,-1113188.9210566313,매도,0.9698902517753389,True,0.9698902517753389
2021-07-16,37712000.0,38715820.586626075,39930912.8489282,-1215092.262302123,-1133569.5893057296,매도,1.0040735908836764,False,1.0
2021-07-17,37365000.0,38445656.46930086,39740845.18467439,-1295188.715373531,-1165893.41451929,매도,0.9907986847687739,False,1.0
2021-07-18,37049000.0,38166325.17544069,39541449.200565904,-1375124.025125213,-1207739.5366404746,매도,0.9915428877291583,False,1.0
2021-07-19,36760000.0,37885060.140352555,39335415.88387181,-1450355.743519254,-1256262.7780162306,매도,0.9921995195551837,False,1.0
2021-07-20,35251000.0,37358248.112282045,39032866.50124818,-1674618.3889661357,-1339933.9002062117,매도,0.9589499455930359,False,1.0
2021-07-21,37459000.0,37378398.489825636,38916283.77679652,-1537885.2869708836,-1379524.1775591462,매도,1.0626365209497604,False,1.0
2021-07-22,38030000.0,37508718.79186051,38850633.11589342,-1341914.3240329102,-1372002.2068538992,매수,1.01524333271043,False,1.0
2021-07-23,38098000.0,37626575.033488415,38794882.50624769,-1168307.4727592766,-1331263.2600349747,매수,1.0017880620562714,True,1.0017880620562714
2021-07-24,39507000.0,38002660.02679073,38847631.95764839,-844971.9308576584,-1234004.9941995114,매수,1.0369835686912698,True,1.0369835686912698
2021-07-25,39827000.0,38367528.021432586,38920177.74801086,-552649.7265782729,-1097733.9406752638,매수,1.0080998304098008,True,1.0080998304098008
2021-07-26,44635000.0,39621022.41714607,39343497.96586968,277524.45127639174,-822682.2622849325,매수,1.1207221231827655,True,1.1207221231827655
2021-07-27,43995000.0,40495817.93371686,39688053.710571215,807764.2231456488,-496592.96519881627,매수,0.9856614764198499,True,0.9856614764198499
2021-07-28,45647000.0,41526054.34697349,40129457.185049936,1396597.1619235575,-117954.93977434142,매수,1.0375497215592682,True,1.0375497215592682
2021-07-29,46041000.0,42429043.4775788,40567349.28733247,1861694.1902463287,277974.8862297927,매수,1.0086314544219774,True,1.0086314544219774
2021-07-30,45227000.0,42988634.78206304,40912508.62997387,2076126.1520891637,637605.139401667,매수,0.982320105992485,True,0.982320105992485
2021-07-31,47860000.0,43962907.82565043,41427137.66257978,2535770.163070649,1017238.1441354636,매수,1.0582174364870542,True,1.0582174364870542
2021-08-01,47822000.0,44734726.26052035,41900831.20504997,2833895.055470377,1380569.5264024467,매수,0.999206017551191,True,0.999206017551191
2021-08-02,45932000.0,44974181.00841628,42199436.32198159,2774744.6864346936,1659404.5584088962,매수,0.9604784408849484,True,0.9604784408849484
2021-08-03,44809000.0,44941144.80673303,42392737.34776106,2548407.45897197,1837205.138521511,매수,0.975550814247148,True,0.975550814247148
2021-08-04,45353000.0,45023515.84538642,42612016.07596884,2411499.769417584,1952064.0647007257,매수,1.0121404182195541,True,1.0121404182195541
2021-08-05,45243000.0,45067412.676309146,42806903.78493025,2260508.8913788944,2013753.0300363596,매수,0.9975745816153286,True,0.9975745816153286
2021-08-06,47232000.0,45500330.14104732,43134688.706701815,2365641.434345506,2084130.7108981893,매수,1.0439626019494728,True,1.0439626019494728
2021-08-07,50027000.0,46405664.11283786,43645230.30843034,2760433.804407522,2219391.329600056,매수,1.059175982384824,True,1.059175982384824
2021-08-08,50657000.0,47255931.29027029,44164620.678982615,3091310.611287676,2393775.18593758,매수,1.012593199672177,True,1.012593199672177
2021-08-09,52366000.0,48277945.032216236,44772130.283257626,3505814.74895861,2616183.0985417864,매수,1.0337366997650868,True,1.0337366997650868
2021-08-10,52359000.0,49094156.025772996,45334120.654008605,3760035.3717643917,2844953.5531863077,매수,0.9998663254783638,True,0.9998663254783638
2021-08-11,53220000.0,49919324.820618406,45918259.88538258,4001064.935235828,3076175.829596212,매수,1.0164441643270499,True,1.0164441643270499
2021-08-12,51612000.0,50257859.85649473,46340018.42613621,3917841.4303585216,3244508.9497486744,매수,0.9697857948139798,True,0.9697857948139798
2021-08-13,53955000.0,50997287.88519579,46904091.1523325,4093196.732863292,3414246.506371598,매수,1.0453964194373402,True,1.0453964194373402
2021-08-14,54570000.0,51711830.30815664,47471936.268025495,4239894.040131144,3579376.0131235076,매수,1.0113983875451766,True,1.0113983875451766
2021-08-15,53700000.0,52109464.24652532,47933274.33418095,4176189.9123443663,3698738.79296768,매수,0.9840571742715778,True,0.9840571742715778
2021-08-16,53763000.0,52440171.39722026,48365105.87532659,4075065.5218936726,3774004.138752879,매수,1.001173184357542,True,1.001173184357542
2021-08-17,53749000.0,52701937.117776215,48763912.85637013,3938024.2614060864,3806808.163283521,매수,0.9997395978647025,True,0.9997395978647025
2021-08-18,53212000.0,52803949.69422098,49093400.79970199,3710548.894518994,3787556.309530616,매도,0.9900091164486781,True,0.9900091164486781
2021-08-19,53514000.0,52945959.75537679,49420852.59854338,3525107.1568334103,3735066.4789911746,매도,1.005675411561302,False,1.0
2021-08-20,56822000.0,53721167.80430145,49969085.749044836,3752082.0552566126,3738469.594244262,매수,1.0618155996561647,False,1.0
2021-08-21,57532000.0,54483334.24344117,50529301.628619105,3954032.6148220673,3781582.198359823,매수,1.0124951603252261,True,1.0124951603252261
2021-08-22,56777000.0,54942067.39475295,50992094.10755923,3949973.287193723,3815260.416126603,매수,0.9868768685253424,True,0.9868768685253424
2021-08-23,57995000.0,55552653.91580237,51510827.884620056,4041826.0311823115,3860573.539137745,매수,1.0214523486623104,True,1.0214523486623104
2021-08-24,56951000.0,55832323.132641904,51913803.602085635,3918519.530556269,3872162.7374214497,매수,0.9819984481420813,True,0.9819984481420813
2021-08-25,56364000.0,55938658.50611352,52243447.783659086,3695210.722454436,3836772.3344280473,매도,0.9896928938912398,True,0.9896928938912398
2021-08-26,55068000.0,55764526.80489082,52452673.87607987,3311852.9288109466,3731788.4533046274,매도,0.9770065999574197,False,1.0
2021-08-27,56566000.0,55924821.44391267,52757364.70320423,3167456.7407084405,3618922.1107853903,매도,1.0272027311687368,False,1.0
2021-08-28,56988000.0,56137457.15513014,53070745.09854054,3066712.0565896034,3508480.0999462334,매도,1.0074603118481067,False,1.0
2021-08-29,56792000.0,56268365.724104114,53346393.612187654,2921972.11191646,3391178.502340279,매도,0.9965606794412859,False,1.0
2021-08-30,56353000.0,56285292.57928329,53569105.19828638,2716187.3809969127,3256180.278071606,매도,0.9922700380335259,False,1.0
2021-08-31,55324000.0,56093034.063426636,53699097.40680235,2393936.6566242874,3083731.5537821427,매도,0.9817401025677426,False,1.0
2021-09-01,55345000.0,55943427.25074131,53821016.11826204,2122411.132479273,2891467.469521569,매도,1.0003795820981853,False,1.0
2021-09-02,57640000.0,56282741.80059305,54103903.815037034,2178837.985556014,2748941.5727284583,매도,1.0414671605384407,False,1.0
2021-09-03,58778000.0,56781793.440474436,54450133.16414681,2331660.276327625,2665485.3134482917,매도,1.0197432338653714,False,1.0
2021-09-04,57825000.0,56990434.75237956,54700123.30152351,2290311.4508560523,2590450.540929844,매도,0.9837864507128518,False,1.0
2021-09-05,57970000.0,57186347.80190365,54942336.39154436,2244011.410359293,2521162.714815734,매도,1.0025075659316904,False,1.0
2021-09-06,59557000.0,57660478.24152293,55284163.327130675,2376314.9143922552,2492193.1547310385,매도,1.027376229084009,False,1.0
2021-09-07,58200000.0,57768382.59321835,55500151.229776375,2268231.363441974,2447400.7964732256,매도,0.9772151048575315,False,1.0
2021-09-08,54722000.0,57159106.07457468,55442510.39770593,1716595.6768687516,2301239.772552331,매도,0.9402405498281787,False,1.0
2021-09-09,55992000.0,56925684.85965974,55483213.33136295,1442471.528296791,2129486.123701223,매도,1.023208216073974,False,1.0
2021-09-10,55096000.0,56559747.88772779,55454530.86227278,1105217.025455013,1924632.304051981,매도,0.983997713959137,False,1.0
2021-09-11,55028000.0,56253398.310182236,55422935.983483575,830462.3266986609,1705798.308581317,매도,0.9987657906200087,False,1.0
2021-09-12,55179000.0,56038518.64814579,55404866.65131949,633651.9968262985,1491369.0462303136,매도,1.0027440575706912,False,1.0
2021-09-13,53946000.0,55620014.91851663,55296802.4546254,323212.4638912305,1257737.7297624971,매도,0.9776545424889904,False,1.0
2021-09-14,55987000.0,55693411.934813306,55347928.198858656,345483.73595464975,1075286.9310009277,매도,1.0378341304267231,False,1.0
2021-09-15,57207000.0,55996129.54785065,55485637.22149324,510492.3263574168,962328.0100722255,매도,1.021790772857985,False,1.0
2021-09-16,56946000.0,56186103.63828053,55593812.24236181,592291.3959187269,888320.6872415259,매도,0.9954376212701243,False,1.0
2021-09-17,57439000.0,56436682.91062443,55730492.81728063,706190.0933438018,851894.568461981,매도,1.0086573244828434,False,1.0
2021-09-18,58462000.0,56841746.328499556,55932826.683049604,908919.6454499513,863299.5838595751,매수,1.0178101986455197,False,1.0
2021-09-19,57840000.0,57041397.06279964,56074098.78084868,967298.2819509581,884099.3234778519,매수,0.9893606103109712,True,0.9893606103109712
2021-09-20,54772000.0,56587517.65023971,55977647.019148074,609870.6310916394,829253.5850006094,매도,0.9469571230982019,True,0.9469571230982019
2021-09-21,51878000.0,55645614.120191775,55673969.46171859,-28355.341526813805,657731.7996951248,매도,0.9471627839041846,False,1.0
2021-09-22,52040000.0,54924491.29615342,55404786.538254425,-480295.2421010062,430126.3913358986,매도,1.0031227109757508,False,1.0
2021-09-23,53513000.0,54642193.03692274,55264654.2019072,-622461.1649844646,219608.88007182593,매도,1.028305149884704,False,1.0
2021-09-24,52200000.0,54153754.4295382,55037642.77927337,-883888.3497351706,-1090.5658895734468,매도,0.9754639059667745,False,1.0
2021-09-25,51790000.0,53681003.54363056,54797076.64721009,-1116073.1035795286,-224087.07342756455,매도,0.9921455938697318,False,1.0
2021-09-26,52897000.0,53524202.834904455,54656330.228754535,-1132127.3938500807,-405695.13751206786,매도,1.0213747827765978,False,1.0
2021-09-27,52516000.0,53322562.26792357,54497787.248696916,-1175224.9807733446,-559601.1061643234,매도,0.9927973230996087,False,1.0
2021-09-28,50992000.0,52856449.81433886,54238099.304121695,-1381649.4897828326,-724010.7828880253,매도,0.9709802726788026,False,1.0
2021-09-29,51344000.0,52553959.8514711,54023721.57771671,-1469761.726245612,-873160.9715595427,매도,1.0069030436146846,False,1.0
2021-09-30,52636000.0,52570367.88117688,53920927.38669758,-1350559.5055207014,-968640.6783517746,매도,1.025163602368339,False,1.0
2021-10-01,57080000.0,53472294.30494151,54154932.76562333,-682638.4606818184,-911440.2348177835,매수,1.0844289079717304,False,1.0
2021-10-02,58560000.0,54489835.44395322,54481234.04245376,8601.401499465108,-727431.9075543337,매수,1.0259285213735108,True,1.0259285213735108
2021-10-03,58137000.0,55219268.35516259,54752031.52095184,467236.83421075344,-488498.15920131624,매수,0.9927766393442623,True,0.9927766393442623
2021-10-04,57773000.0,55730014.68413008,54975806.96396773,754207.720162347,-239956.98332858356,매수,0.993738927017218,True,0.993738927017218
2021-10-05,60443000.0,56672611.74730408,55380784.22610289,1291827.5212011933,66399.9175773719,매수,1.0462153601163173,True,1.0462153601163173
2021-10-06,65898000.0,58517689.397843264,56159837.24675998,2357852.151083283,524690.3642785543,매수,1.0902503184818755,True,1.0902503184818755
2021-10-07,65767000.0,59967551.51827461,56871478.93249678,3096072.585777834,1038966.8085784104,매수,0.9980120792740296,True,0.9980120792740296
2021-10-08,66543000.0,61282641.214619696,57587887.90075044,3694753.313869253,1570124.1096365792,매수,1.0117992306171788,True,1.0117992306171788
2021-10-09,67153000.0,62456712.97169576,58296414.723183066,4160298.2485126927,2088158.9374118024,매수,1.0091670047938928,True,1.0091670047938928
2021-10-10,67395000.0,63444370.37735661,58970384.003181554,4473986.374175057,2565324.424764454,매수,1.0036037109287745,True,1.0036037109287745
2021-10-11,70604000.0,64876296.30188529,59832133.336556576,5044162.965328716,3061092.1328773065,매수,1.0476148082201944,True,1.0476148082201944
2021-10-12,69708000.0,65842637.04150824,60563679.01554817,5278958.025960073,3504665.31149386,매수,0.9873095008781372,True,0.9873095008781372
2021-10-13,68523000.0,66378709.633206606,61153258.34789247,5225451.285314135,3848822.5062579154,매수,0.9830005164400069,True,0.9830005164400069
2021-10-14,69638000.0,67030567.70656528,61781757.72969064,5248809.976874642,4128820.000381261,매수,1.0162719087021876,True,1.0162719087021876
2021-10-15,73679000.0,68360254.16525224,62663034.93510723,5697219.230145007,4442499.84633401,매수,1.058028662511847,True,1.058028662511847
2021-10-16,74339000.0,69556003.3322018,63527921.23639985,6028082.095801942,4759616.296227597,매수,1.0089577762998956,True,1.0089577762998956
2021-10-17,74727000.0,70590202.66576144,64357482.626464404,6232720.039297037,5054237.044841485,매수,1.0052193330553276,True,1.0052193330553276
2021-10-18,76297000.0,71731562.13260916,65241891.32096646,6489670.811642699,5341323.798201729,매수,1.0210098090382325,True,1.0210098090382325
2021-10-19,76498000.0,72684849.70608734,66075677.149188004,6609172.5568993315,5594893.54994125,매수,1.0026344417211686,True,1.0026344417211686
2021-10-20,80907000.0,74329279.76486987,67174293.65683244,7154986.108037427,5906912.061560486,매수,1.0576354937383985,True,1.0576354937383985
2021-10-21,77615000.0,74986423.81189589,67947679.31199719,7038744.499898702,6133278.54922813,매수,0.9593113080450394,True,0.9593113080450394
2021-10-22,75127000.0,75014539.04951672,68479480.84451525,6535058.205001473,6213634.480382799,매수,0.967944340655801,True,0.967944340655801
2021-10-23,74627000.0,74937031.23961338,68934852.63386862,6002178.605744764,6171343.305455193,매도,0.9933446031386851,True,0.9933446031386851
2021-10-24,73865000.0,74722624.99169071,69300048.73510675,5422576.256583959,6021589.895680946,매도,0.9897892183794069,False,1.0
2021-10-25,76683000.0,75114699.99335258,69846934.01404767,5267765.97930491,5870825.11240574,매도,1.038150680295133,False,1.0
2021-10-26,74788000.0,75049359.99468206,70212938.90193312,4836421.09274894,5663944.3084743805,매도,0.9752878734530469,False,1.0
2021-10-27,72304000.0,74500287.99574564,70367832.31661929,4132455.679126352,5357646.582604775,매도,0.966786115419586,False,1.0
2021-10-28,74083000.0,74416830.39659652,70643029.92281958,3773800.4737769365,5040877.360839208,매도,1.0246044478867007,False,1.0
2021-10-29,73710000.0,74275464.31727722,70870212.8915179,3405251.4257593155,4713752.173823229,매도,0.9949651067046421,False,1.0
2021-10-30,73456000.0,74111571.45382178,71061752.67734568,3049818.7764761,4380965.494353803,매도,0.9965540632207299,False,1.0
2021-10-31,72129000.0,73715057.16305743,71140808.03458479,2574249.128472641,4019622.2211775705,매도,0.9819347636680462,False,1.0
2021-11-01,73073000.0,73586645.73044595,71283933.36536543,2302712.3650805205,3676240.2499581603,매도,1.0130876623826754,False,1.0
2021-11-02,74543000.0,73777916.58435677,71525345.70868598,2252570.8756707907,3391506.3751006867,매도,1.020116869431938,False,1.0
2021-11-03,72950000.0,73612333.26748542,71630875.6561965,1981457.61128892,3109496.6223383336,매도,0.9786297841514294,False,1.0
2021-11-04,74079000.0,73705666.61398834,71812218.20019116,1893448.4137971848,2866286.980630104,매도,1.0154763536668951,False,1.0
2021-11-05,74223000.0,73809133.29119067,71990794.62981501,1818338.6613756567,2656697.316779215,매도,1.0019438707325963,False,1.0
2021-11-06,74029000.0,73853106.63295254,72141772.80539083,1711333.8275617063,2467624.618935713,매도,0.9973862549344543,False,1.0
2021-11-07,74914000.0,74065285.30636203,72347122.96796276,1718162.3383992761,2317732.162828426,매도,1.0119547744802713,False,1.0
2021-11-08,79217000.0,75095628.24508964,72856002.74813265,2239625.496956989,2302110.8296541385,매도,1.0574391969458312,False,1.0
2021-11-09,80611000.0,76198702.5960717,73430446.98903155,2768255.607040152,2395339.7851313413,매수,1.017597232917177,False,1.0
2021-11-10,81806000.0,77320162.07685737,74050858.32319722,3269303.7536601573,2570132.5788371046,매수,1.0148242795648237,True,1.0148242795648237
2021-11-11,79080000.0,77672129.6614859,74423387.33630475,3248742.3251811415,2705854.5281059123,매수,0.9666772608366134,True,0.9666772608366134
2021-11-12,77546000.0,77646903.72918873,74654691.9780663,2992211.75112243,2763125.972709216,매수,0.9806019221041983,True,0.9806019221041983
2021-11-13,78668000.0,77851122.98335098,74951974.05377264,2899148.929578334,2790330.56408304,매수,1.0144688314032961,True,1.0144688314032961
2021-11-14,78178000.0,77916498.38668078,75190938.93868399,2725559.447996795,2777376.3408657913,매도,0.9937712920119998,True,0.9937712920119998
2021-11-15,78363000.0,78005798.70934463,75425906.42471251,2579892.2846321166,2737879.5296190567,매도,1.0023663946378776,False,1.0
2021-11-16,75018000.0,77408238.9674757,75395691.13399245,2012547.833483249,2592813.1903918954,매도,0.9573140385130737,False,1.0
2021-11-17,73062000.0,76538991.17398056,75222825.12406386,1316166.0499166995,2337483.7622968564,매도,0.9739262576981524,False,1.0
2021-11-18,73157000.0,75862592.93918446,75069801.04079723,792791.8983872235,2028545.3895149298,매도,1.0013002655279077,False,1.0
2021-11-19,71986000.0,75087274.35134757,74841371.33406785,245903.01727971435,1672016.9150678867,매도,0.9839933294148202,False,1.0
2021-11-20,72297000.0,74529219.48107806,74652899.38339336,-123679.90231530368,1312877.5515912487,매도,1.0043202844997638,False,1.0
2021-11-21,72992000.0,74221775.58486246,74529869.79943661,-308094.2145741582,988683.1983581673,매도,1.0096131236427515,False,1.0
2021-11-22,72416000.0,73860620.46788996,74373286.85132821,-512666.38343824446,688413.281998885,매도,0.9921087242437527,False,1.0
2021-11-23,71500000.0,73388496.37431197,74160450.78826436,-771954.4139523953,396339.7428086289,매도,0.9873508616880248,False,1.0
2021-11-24,70275000.0,72765797.09944957,73872639.61876017,-1106842.5193105936,95703.29038478433,매도,0.9828671328671329,False,1.0
2021-11-25,73152000.0,72843037.67955966,73819258.90625888,-976221.2266992182,-118681.61303201625,매도,1.0409391675560298,False,1.0
2021-11-26,70141000.0,72302630.14364773,73546795.2835705,-1244165.1399227679,-343778.31841016666,매도,0.9588391294838146,False,1.0
2021-11-27,69575000.0,71757104.11491819,73252588.22552569,-1495484.1106075048,-574119.4768496344,매도,0.991930539912462,False,1.0
2021-11-28,69577000.0,71321083.29193455,72980322.43104012,-1659239.1391055733,-791143.4093008223,매도,1.0000287459575996,False,1.0
2021-11-29,71585000.0,71373866.63354765,72876965.21392527,-1503098.5803776234,-933534.4435161827,매도,1.0288601118185607,False,1.0
2021-11-30,72368000.0,71572693.30683812,72839264.08696759,-1266570.7801294625,-1000141.7108388386,매도,1.0109380456799608,False,1.0
2021-12-01,71913000.0,71640754.6454705,72770651.93237697,-1129897.286906466,-1026092.8260523642,매도,0.9937126906920186,False,1.0
2021-12-02,70571000.0,71426803.71637641,72607714.75219993,-1180911.035823524,-1057056.4680065964,매도,0.9813385618733748,False,1.0
2021-12-03,70090000.0,71159442.97310112,72421217.36314707,-1261774.3900459409,-1098000.0524144652,매도,0.9931841691346304,False,1.0
2021-12-04,60452000.0,69017954.3784809,71534608.66957614,-2516654.291095242,-1381730.9001506206,매도,0.8624910828934227,False,1.0
2021-12-05,61265000.0,67467363.50278471,70773896.91627064,-3306533.4134859294,-1766691.4028176828,매도,1.0134486865612387,False,1.0
2021-12-06,60144000.0,66002690.80222777,69986497.14469163,-3983806.3424638584,-2210114.3907469185,매도,0.981702440218722,False,1.0
2021-12-07,63542000.0,65510552.641782224,69509126.98582368,-3998574.344041452,-2567806.3814058253,매도,1.0564977387603085,False,1.0
2021-12-08,62024000.0,64813242.11342578,68954673.13501987,-4141431.0215940922,-2882531.309443479,매도,0.976110289257499,False,1.0
2021-12-09,60292000.0,63908993.69074063,68312993.64353472,-4403999.95279409,-3186825.0381136015,매도,0.9720753256803818,False,1.0
2021-12-10,60270000.0,63181194.952592514,67717216.33660433,-4536021.3840118125,-3456664.307293244,매도,0.9996351091355403,False,1.0
2021-12-11,60389000.0,62622755.96207402,67174385.49685426,-4551629.534780242,-3675657.3527906444,매도,1.0019744483159116,False,1.0
2021-12-12,61974000.0,62493004.76965922,66789171.75634549,-4296166.986686267,-3799759.279569769,매도,1.0262465018463627,False,1.0
2021-12-13,59768000.0,61948003.815727375,66269084.95957784,-4321081.143850468,-3904023.652425909,매도,0.9644044276632137,False,1.0
2021-12-14,58605000.0,61279403.05258191,65701374.96257075,-4421971.909988843,-4007613.303938496,매도,0.9805414268504885,False,1.0
2021-12-15,58809000.0,60785322.44206552,65190828.66904588,-4405506.226980358,-4087191.888546869,매도,1.003480931661121,False,1.0
2021-12-16,60220000.0,60672257.95365243,64822619.138004705,-4150361.1843522787,-4099825.747707951,매도,1.0239929262527845,False,1.0
2021-12-17,57737000.0,60085206.36292195,64297758.46111449,-4212552.098192535,-4122371.0178048685,매도,0.9587678512122219,False,1.0
2021-12-18,58339000.0,59735965.09033756,63856368.945475616,-4120403.855138056,-4121977.585271506,매수,1.0104265895353066,False,1.0
2021-12-19,58830000.0,59554772.07227006,63484045.31988424,-3929273.2476141825,-4083436.7177400417,매수,1.0084163252712595,True,1.0084163252712595
2021-12-20,57429000.0,59129617.65781605,63035523.4443366,-3905905.786520548,-4047930.5314961434,매수,0.976185619581846,True,0.976185619581846
2021-12-21,59729000.0,59249494.12625284,62790595.78179281,-3541101.6555399746,-3946564.75630491,매수,1.040049452367271,True,1.040049452367271
2021-12-22,59943000.0,59388195.30100227,62579662.760919005,-3191467.459916733,-3795545.297027275,매수,1.00358284920223,True,1.00358284920223
2021-12-23,59638000.0,59438156.24080182,62361761.81566549,-2923605.5748636723,-3621157.3525945544,매수,0.9949118329079292,True,0.9949118329079292
2021-12-24,61870000.0,59924524.99264146,62325335.01450505,-2400810.0218635947,-3377087.8864483624,매수,1.0374258023407894,True,1.0374258023407894
2021-12-25,61664000.0,60272419.99411317,62276347.23565278,-2003927.2415396124,-3102455.757466613,매수,0.9966704380151932,True,0.9966704380151932
2021-12-26,60685000.0,60354935.99529054,62158469.662641354,-1803533.6673508137,-2842671.339443453,매수,0.984123637778931,True,0.984123637778931
2021-12-27,61958000.0,60675548.79623243,62143620.05800124,-1468071.2617688105,-2567751.3239085246,매수,1.0209771772266623,True,1.0209771772266623
2021-12-28,59937000.0,60527839.03698594,61980166.72037139,-1452327.6833854467,-2344666.595803909,매수,0.9673811291520062,True,0.9673811291520062
2021-12-29,58141000.0,60050471.229588754,61695784.00034367,-1645312.7707549185,-2204795.830794111,매수,0.9700352036304787,True,0.9700352036304787
2021-12-30,57593000.0,59558976.98367101,61391874.07439209,-1832897.0907210782,-2130416.0827795044,매수,0.9905746375191345,True,0.9905746375191345
2021-12-31,58441000.0,59335381.5869368,61173290.80962217,-1837909.2226853669,-2071914.7107606768,매수,1.0147240115986318,True,1.0147240115986318
